Гидрокостюм 5,5 мм Aqualung Balance Comfort 2016 комплект мужской;мужской; 5,5 мм;38700
Гидрокостюм 5,5 мм Aqualung Dive 2017 моно;для всех; 5,5 мм;13762
Гидрокостюм 5 мм Bare Sport S-Flex 5 мм;для всех; 5 мм;15800
Гидрокостюм 5 мм Bare Nixie;для всех; 5 мм;15800
Гидрокостюм 5 мм Scubapro Sport женский;женский; 5 мм;16900
Гидрокостюм 5 мм Scubapro Sport мужской;мужской; 5 мм;16900
Гидрокостюм 5,5 мм Aqualung Diveflex;для всех; 5,5 мм;18291
Гидрокостюм 5 мм Scubapro Definition мужской;мужской; 5 мм;21500
Гидрокостюм 5 мм Scubapro Definition женский;женский; 5 мм;21500
Henderson Thermoprene Pro 5мм (мужской);мужской; 5мм;30300
Henderson Thermoprene Pro 5мм (женский);женский; 5мм;30300
Гидрокостюм 5 мм Mares Dual женский;женский; 5 мм;18300
Гидрокостюм 5 мм Scubapro Oneflex Black Edition мужской;мужской; 5 мм;18800
Гидрокостюм 5 мм Mares Dual мужской;мужской; 5 мм;19200
Гидрокостюм 5 мм Waterproof W50;для всех; 5 мм;21600
Гидрокостюм 5 мм Aqualung Balance Comfort 2016 мужской;мужской; 5 мм;26130
Гидрокостюм 5 мм Waterproof W4;для всех; 5 мм;27400
Гидрокостюм 5 мм Henderson Thermoprene (женский);женский; 5 мм;28200
Гидрокостюм 5 мм Henderson Thermoprene (мужской);мужской; 5 мм;28200
Гидрокостюм 5 мм Bare Reactive;для всех; 5 мм;31200
Гидрокостюм 5 мм Waterproof W1;для всех; 5 мм;31950
Гидрокостюм 5 мм Henderson TherMAXX (женский);женский; 5 мм;32300
Гидрокостюм 5 мм Henderson TherMAXX (мужской);мужской; 5 мм;32300
Гидрокостюм 4/5 мм Scubapro  Everflex женский;женский; 4/5 мм;32500
Гидрокостюм 4/5 мм Scubapro Everflex мужской;мужской; 4/5 мм;32500
Гидрокостюм 5 мм Henderson Aqualock (мужской);мужской; 5 мм;44000
Гидрокостюм 5 мм Oceanic X5;для всех; 5 мм;300
Гидрокостюм 5,5 мм Aqualung SHARM ;для всех; 5,5 мм;9000
